ID,PARENT,LEVEL,CATEGORY,GUID
1,0,1,Arts & Entertainment,4d4b7104d754a06370d81259
66,0,1,College & University,4d4b7105d754a06372d81259
105,0,1,Event,4d4b7105d754a06373d81259
116,0,1,Food,4d4b7105d754a06374d81259
457,0,1,Nightlife Spot,4d4b7105d754a06376d81259
586,0,1,Professional & Other Places,4d4b7105d754a06375d81259
697,0,1,Shop & Service,4d4b7105d754a06378d81259
2,1,2,Amphitheater,56aa371be4b08b9a8d5734db
3,1,2,Aquarium,4fceea171983d5d06c3e9823
4,1,2,Arcade,4bf58dd8d48988d1e1931735
5,1,2,Art Gallery,4bf58dd8d48988d1e2931735
6,1,2,Bowling Alley,4bf58dd8d48988d1e4931735
7,1,2,Casino,4bf58dd8d48988d17c941735
8,1,2,Circus,52e81612bcbc57f1066b79e7
9,1,2,Comedy Club,4bf58dd8d48988d18e941735
10,1,2,Concert Hall,5032792091d4c4b30a586d5c
11,1,2,Country Dance Club,52e81612bcbc57f1066b79ef
12,1,2,Disc Golf,52e81612bcbc57f1066b79e8
13,1,2,Exhibit,56aa371be4b08b9a8d573532
14,1,2,General Entertainment,4bf58dd8d48988d1f1931735
15,1,2,Go Kart Track,52e81612bcbc57f1066b79ea
16,1,2,Historic Site,4deefb944765f83613cdba6e
18,1,2,Laser Tag,52e81612bcbc57f1066b79e6
19,1,2,Memorial Site,5642206c498e4bfca532186c
20,1,2,Mini Golf,52e81612bcbc57f1066b79eb
21,1,2,Movie Theater,4bf58dd8d48988d17f941735
25,1,2,Museum,4bf58dd8d48988d181941735
31,1,2,Music Venue,4bf58dd8d48988d1e5931735
36,1,2,Performing Arts Venue,4bf58dd8d48988d1f2931735
41,1,2,Pool Hall,4bf58dd8d48988d1e3931735
42,1,2,Public Art,507c8c4091d498d9fc8c67a9
45,1,2,Racecourse,56aa371be4b08b9a8d573514
46,1,2,Racetrack,4bf58dd8d48988d1f4931735
47,1,2,Roller Rink,52e81612bcbc57f1066b79e9
48,1,2,Salsa Club,52e81612bcbc57f1066b79ec
50,1,2,Stadium,4bf58dd8d48988d184941735
60,1,2,Theme Park,4bf58dd8d48988d182941735
62,1,2,Tour Provider,56aa371be4b08b9a8d573520
63,1,2,Water Park,4bf58dd8d48988d193941735
64,1,2,Zoo,4bf58dd8d48988d17b941735
67,66,2,College Academic Building,4bf58dd8d48988d198941735
75,66,2,College Administrative Building,4bf58dd8d48988d197941735
76,66,2,College Auditorium,4bf58dd8d48988d1af941735
77,66,2,College Bookstore,4bf58dd8d48988d1b1941735
78,66,2,College Cafeteria,4bf58dd8d48988d1a1941735
79,66,2,College Classroom,4bf58dd8d48988d1a0941735
80,66,2,College Gym,4bf58dd8d48988d1b2941735
81,66,2,College Lab,4bf58dd8d48988d1a5941735
82,66,2,College Library,4bf58dd8d48988d1a7941735
83,66,2,College Quad,4bf58dd8d48988d1aa941735
84,66,2,College Rec Center,4bf58dd8d48988d1a9941735
85,66,2,College Residence Hall,4bf58dd8d48988d1a3941735
86,66,2,College Stadium,4bf58dd8d48988d1b4941735
95,66,2,College Theater,4bf58dd8d48988d1ac941735
96,66,2,Community College,4bf58dd8d48988d1a2941735
97,66,2,Fraternity House,4bf58dd8d48988d1b0941735
98,66,2,General College & University,4bf58dd8d48988d1a8941735
99,66,2,Law School,4bf58dd8d48988d1a6941735
100,66,2,Medical School,4bf58dd8d48988d1b3941735
101,66,2,Sorority House,4bf58dd8d48988d141941735
102,66,2,Student Center,4bf58dd8d48988d1ab941735
103,66,2,Trade School,4bf58dd8d48988d1ad941735
104,66,2,University,4bf58dd8d48988d1ae941735
106,105,2,Christmas Market,52f2ab2ebcbc57f1066b8b3b
107,105,2,Conference,5267e4d9e4b0ec79466e48c6
108,105,2,Convention,5267e4d9e4b0ec79466e48c9
109,105,2,Festival,5267e4d9e4b0ec79466e48c7
110,105,2,Line / Queue,58daa1558bbb0b01f18ec1fa
111,105,2,Music Festival,5267e4d9e4b0ec79466e48d1
112,105,2,Other Event,5267e4d9e4b0ec79466e48c8
113,105,2,Parade,52741d85e4b0d5d1e3c6a6d9
114,105,2,Stoop Sale,52f2ab2ebcbc57f1066b8b54
115,105,2,Street Fair,5267e4d8e4b0ec79466e48c5
117,116,2,Afghan Restaurant,503288ae91d4c4b30a586d67
118,116,2,African Restaurant,4bf58dd8d48988d1c8941735
120,116,2,American Restaurant,4bf58dd8d48988d14e941735
122,116,2,Asian Restaurant,4bf58dd8d48988d142941735
123,116,2,Burmese Restaurant,56aa371be4b08b9a8d573568
206,116,2,Australian Restaurant,4bf58dd8d48988d169941735
207,116,2,Austrian Restaurant,52e81612bcbc57f1066b7a01
208,116,2,BBQ Joint,4bf58dd8d48988d1df931735
209,116,2,Bagel Shop,4bf58dd8d48988d179941735
210,116,2,Bakery,4bf58dd8d48988d16a941735
211,116,2,Belgian Restaurant,52e81612bcbc57f1066b7a02
212,116,2,Bistro,52e81612bcbc57f1066b79f1
213,116,2,Breakfast Spot,4bf58dd8d48988d143941735
214,116,2,Bubble Tea Shop,52e81612bcbc57f1066b7a0c
215,116,2,Buffet,52e81612bcbc57f1066b79f4
216,116,2,Burger Joint,4bf58dd8d48988d16c941735
217,116,2,Cafeteria,4bf58dd8d48988d128941735
218,116,2,Café,4bf58dd8d48988d16d941735
219,116,2,Cajun / Creole Restaurant,4bf58dd8d48988d17a941735
220,116,2,Caribbean Restaurant,4bf58dd8d48988d144941735
222,116,2,Caucasian Restaurant,5293a7d53cf9994f4e043a45
223,116,2,Coffee Shop,4bf58dd8d48988d1e0931735
224,116,2,Comfort Food Restaurant,52e81612bcbc57f1066b7a00
225,116,2,Creperie,52e81612bcbc57f1066b79f2
226,116,2,Czech Restaurant,52f2ae52bcbc57f1066b8b81
227,116,2,Deli / Bodega,4bf58dd8d48988d146941735
228,116,2,Dessert Shop,4bf58dd8d48988d1d0941735
234,116,2,Diner,4bf58dd8d48988d147941735
235,116,2,Donut Shop,4bf58dd8d48988d148941735
236,116,2,Dumpling Restaurant,4bf58dd8d48988d108941735
237,116,2,Dutch Restaurant,5744ccdfe4b0c0459246b4d0
238,116,2,Eastern European Restaurant,4bf58dd8d48988d109941735
244,116,2,English Restaurant,52e81612bcbc57f1066b7a05
245,116,2,Falafel Restaurant,4bf58dd8d48988d10b941735
246,116,2,Fast Food Restaurant,4bf58dd8d48988d16e941735
247,116,2,Fish & Chips Shop,4edd64a0c7ddd24ca188df1a
248,116,2,Fondue Restaurant,52e81612bcbc57f1066b7a09
249,116,2,Food Court,4bf58dd8d48988d120951735
250,116,2,Food Stand,56aa371be4b08b9a8d57350b
251,116,2,Food Truck,4bf58dd8d48988d1cb941735
252,116,2,French Restaurant,4bf58dd8d48988d10c941735
269,116,2,Fried Chicken Joint,4d4ae6fc7a7b7dea34424761
271,116,2,Gastropub,4bf58dd8d48988d155941735
272,116,2,German Restaurant,4bf58dd8d48988d10d941735
284,116,2,Gluten-free Restaurant,4c2cd86ed066bed06c3c5209
285,116,2,Greek Restaurant,4bf58dd8d48988d10e941735
299,116,2,Halal Restaurant,52e81612bcbc57f1066b79ff
300,116,2,Hawaiian Restaurant,52e81612bcbc57f1066b79fe
301,116,2,Hot Dog Joint,4bf58dd8d48988d16f941735
302,116,2,Hungarian Restaurant,52e81612bcbc57f1066b79fa
303,116,2,Indian Restaurant,4bf58dd8d48988d10f941735
330,116,2,Irish Pub,52e81612bcbc57f1066b7a06
331,116,2,Italian Restaurant,4bf58dd8d48988d110941735
358,116,2,Jewish Restaurant,52e81612bcbc57f1066b79fd
360,116,2,Juice Bar,4bf58dd8d48988d112941735
361,116,2,Kebab Restaurant,5283c7b4e4b094cb91ec88d7
362,116,2,Latin American Restaurant,4bf58dd8d48988d1be941735
386,116,2,Mediterranean Restaurant,4bf58dd8d48988d1c0941735
388,116,2,Mexican Restaurant,4bf58dd8d48988d1c1941735
394,116,2,Middle Eastern Restaurant,4bf58dd8d48988d115941735
404,116,2,Modern European Restaurant,52e81612bcbc57f1066b79f9
405,116,2,Molecular Gastronomy Restaurant,4bf58dd8d48988d1c2941735
406,116,2,Pakistani Restaurant,52e81612bcbc57f1066b79f8
407,116,2,Pet Café,56aa371be4b08b9a8d573508
408,116,2,Pizza Place,4bf58dd8d48988d1ca941735
409,116,2,Polish Restaurant,52e81612bcbc57f1066b7a04
410,116,2,Portuguese Restaurant,4def73e84765ae376e57713a
412,116,2,Restaurant,4bf58dd8d48988d1c4941735
413,116,2,Russian Restaurant,5293a7563cf9994f4e043a44
416,116,2,Salad Place,4bf58dd8d48988d1bd941735
417,116,2,Sandwich Place,4bf58dd8d48988d1c5941735
418,116,2,Scandinavian Restaurant,4bf58dd8d48988d1c6941735
419,116,2,Scottish Restaurant,5744ccdde4b0c0459246b4a3
420,116,2,Seafood Restaurant,4bf58dd8d48988d1ce941735
421,116,2,Slovak Restaurant,56aa371be4b08b9a8d57355a
422,116,2,Snack Place,4bf58dd8d48988d1c7941735
423,116,2,Soup Place,4bf58dd8d48988d1dd931735
424,116,2,Southern / Soul Food Restaurant,4bf58dd8d48988d14f941735
428,116,2,Sri Lankan Restaurant,5413605de4b0ae91d18581a9
429,116,2,Steakhouse,4bf58dd8d48988d1cc941735
430,116,2,Swiss Restaurant,4bf58dd8d48988d158941735
431,116,2,Tea Room,4bf58dd8d48988d1dc931735
432,116,2,Theme Restaurant,56aa371be4b08b9a8d573538
434,116,2,Turkish Restaurant,4f04af1f2fb6e1c99f3db0bb
452,116,2,Ukrainian Restaurant,52e928d0bcbc57f1066b7e96
455,116,2,Vegetarian / Vegan Restaurant,4bf58dd8d48988d1d3941735
456,116,2,Wings Joint,4bf58dd8d48988d14c941735
458,457,2,Bar,4bf58dd8d48988d116941735
476,457,2,Brewery,50327c8591d4c4b30a586d5d
477,457,2,Lounge,4bf58dd8d48988d121941735
478,457,2,Night Market,53e510b7498ebcb1801b55d4
479,457,2,Nightclub,4bf58dd8d48988d11f941735
480,457,2,Other Nightlife,4bf58dd8d48988d11a941735
481,457,2,Strip Club,4bf58dd8d48988d1d6941735
587,586,2,Animal Shelter,4e52d2d203646f7c19daa8ae
588,586,2,Art Studio,58daa1558bbb0b01f18ec1d6
589,586,2,Auditorium,4bf58dd8d48988d173941735
590,586,2,Ballroom,56aa371be4b08b9a8d5734cf
591,586,2,Building,4bf58dd8d48988d130941735
592,586,2,Business Center,56aa371be4b08b9a8d573517
593,586,2,Club House,52e81612bcbc57f1066b7a35
594,586,2,Community Center,52e81612bcbc57f1066b7a34
595,586,2,Convention Center,4bf58dd8d48988d1ff931735
597,586,2,Cultural Center,52e81612bcbc57f1066b7a32
598,586,2,Distillery,4e0e22f5a56208c4ea9a85a0
599,586,2,Distribution Center,52e81612bcbc57f1066b7a37
600,586,2,Event Space,4bf58dd8d48988d171941735
604,586,2,Funeral Home,4f4534884b9074f6e4fb0174
605,586,2,Government Building,4bf58dd8d48988d126941735
614,586,2,Industrial Estate,56aa371be4b08b9a8d5734d7
615,586,2,Laboratory,5744ccdfe4b0c0459246b4d6
616,586,2,Library,4bf58dd8d48988d12f941735
617,586,2,Medical Center,4bf58dd8d48988d104941735
638,586,2,Office,4bf58dd8d48988d124941735
670,586,2,Social Club,52e81612bcbc57f1066b7a33
689,586,2,Wedding Hall,56aa371be4b08b9a8d5734c5
698,697,2,ATM,52f2ab2ebcbc57f1066b8b56
699,697,2,Adult Boutique,5267e446e4b0ec79466e48c4
700,697,2,Antique Shop,4bf58dd8d48988d116951735
701,697,2,Arts & Crafts Store,4bf58dd8d48988d127951735
702,697,2,Astrologer,52f2ab2ebcbc57f1066b8b43
703,697,2,Auto Dealership,4eb1c1623b7b52c0e1adc2ec
704,697,2,Auto Garage,52f2ab2ebcbc57f1066b8b44
705,697,2,Auto Workshop,56aa371be4b08b9a8d5734d3
706,697,2,Automotive Shop,4bf58dd8d48988d124951735
707,697,2,Baby Store,52f2ab2ebcbc57f1066b8b32
708,697,2,Bank,4bf58dd8d48988d10a951735
709,697,2,Bath House,52e81612bcbc57f1066b7a27
711,697,2,Betting Shop,52f2ab2ebcbc57f1066b8b40
712,697,2,Big Box Store,52f2ab2ebcbc57f1066b8b42
713,697,2,Bike Shop,4bf58dd8d48988d115951735
714,697,2,Board Shop,4bf58dd8d48988d1f1941735
715,697,2,Bookstore,4bf58dd8d48988d114951735
716,697,2,Bridal Shop,4bf58dd8d48988d11a951735
717,697,2,Business Service,5453de49498eade8af355881
718,697,2,Camera Store,4eb1bdf03b7b55596b4a7491
719,697,2,Candy Store,4bf58dd8d48988d117951735
720,697,2,Car Wash,4f04ae1f2fb6e1c99f3db0ba
721,697,2,Carpet Store,52f2ab2ebcbc57f1066b8b2a
722,697,2,Check Cashing Service,52f2ab2ebcbc57f1066b8b2d
723,697,2,Child Care Service,5744ccdfe4b0c0459246b4c7
725,697,2,Chocolate Shop,52f2ab2ebcbc57f1066b8b31
734,697,2,Comic Shop,52f2ab2ebcbc57f1066b8b18
735,697,2,Construction & Landscaping,5454144b498ec1f095bff2f2
736,697,2,Convenience Store,4d954b0ea243a5684a65b473
737,697,2,Cosmetics Shop,4bf58dd8d48988d10c951735
738,697,2,Costume Shop,52f2ab2ebcbc57f1066b8b17
739,697,2,Credit Union,5032850891d4c4b30a586d62
740,697,2,Currency Exchange,5744ccdfe4b0c0459246b4be
741,697,2,Department Store,4bf58dd8d48988d1f6941735
742,697,2,Design Studio,4bf58dd8d48988d1f4941735
743,697,2,Discount Store,52dea92d3cf9994f4e043dbb
744,697,2,Dive Shop,52f2ab2ebcbc57f1066b8b1a
745,697,2,Drugstore,5745c2e4498e11e7bccabdbd
746,697,2,Dry Cleaner,52f2ab2ebcbc57f1066b8b1d
747,697,2,EV Charging Station,5032872391d4c4b30a586d64
748,697,2,Electronics Store,4bf58dd8d48988d122951735
749,697,2,Entertainment Service,56aa371be4b08b9a8d573554
750,697,2,Event Service,5454152e498ef71e2b9132c6
751,697,2,Fabric Shop,52f2ab2ebcbc57f1066b8b26
752,697,2,Film Studio,56aa371be4b08b9a8d573523
753,697,2,Financial or Legal Service,503287a291d4c4b30a586d65
754,697,2,Fireworks Store,52f2ab2ebcbc57f1066b8b3a
755,697,2,Fishing Store,52f2ab2ebcbc57f1066b8b16
756,697,2,Flea Market,4bf58dd8d48988d1f7941735
757,697,2,Floating Market,56aa371be4b08b9a8d573505
758,697,2,Flower Shop,4bf58dd8d48988d11b951735
759,697,2,Food & Drink Shop,4bf58dd8d48988d1f9941735
778,697,2,Frame Store,52f2ab2ebcbc57f1066b8b24
779,697,2,Fruit & Vegetable Store,52f2ab2ebcbc57f1066b8b1c
780,697,2,Furniture / Home Store,4bf58dd8d48988d1f8941735
782,697,2,Gaming Cafe,4bf58dd8d48988d18d941735
783,697,2,Garden Center,4eb1c0253b7b52c0e1adc2e9
784,697,2,Gas Station,4bf58dd8d48988d113951735
785,697,2,Gift Shop,4bf58dd8d48988d128951735
786,697,2,Gun Shop,52f2ab2ebcbc57f1066b8b19
787,697,2,Hardware Store,4bf58dd8d48988d112951735
788,697,2,Health & Beauty Service,54541900498ea6ccd0202697
789,697,2,Herbs & Spices Store,52f2ab2ebcbc57f1066b8b2c
790,697,2,Hobby Shop,4bf58dd8d48988d1fb941735
791,697,2,Home Service,545419b1498ea6ccd0202f58
792,697,2,Hunting Supply,50aaa5234b90af0d42d5de12
793,697,2,IT Services,52f2ab2ebcbc57f1066b8b36
794,697,2,Insurance Office,58daa1558bbb0b01f18ec1f1
795,697,2,Internet Cafe,4bf58dd8d48988d1f0941735
796,697,2,Jewelry Store,4bf58dd8d48988d111951735
797,697,2,Kitchen Supply Store,58daa1558bbb0b01f18ec1b4
798,697,2,Knitting Store,52f2ab2ebcbc57f1066b8b25
799,697,2,Laundromat,52f2ab2ebcbc57f1066b8b33
800,697,2,Laundry Service,4bf58dd8d48988d1fc941735
801,697,2,Lawyer,52f2ab2ebcbc57f1066b8b3f
802,697,2,Leather Goods Store,52f2ab2ebcbc57f1066b8b2b
803,697,2,Locksmith,52f2ab2ebcbc57f1066b8b1e
804,697,2,Lottery Retailer,52f2ab2ebcbc57f1066b8b38
805,697,2,Luggage Store,52f2ab2ebcbc57f1066b8b29
807,697,2,Market,50be8ee891d4fa8dcc7199a7
808,697,2,Massage Studio,52f2ab2ebcbc57f1066b8b3c
809,697,2,Mattress Store,52f2ab2ebcbc57f1066b8b27
810,697,2,Medical Supply Store,58daa1558bbb0b01f18ec206
811,697,2,Miscellaneous Shop,4bf58dd8d48988d1ff941735
812,697,2,Mobile Phone Shop,4f04afc02fb6e1c99f3db0bc
813,697,2,Mobility Store,56aa371be4b08b9a8d57354a
814,697,2,Motorcycle Shop,5032833091d4c4b30a586d60
815,697,2,Music Store,4bf58dd8d48988d1fe941735
816,697,2,Nail Salon,4f04aa0c2fb6e1c99f3db0b8
817,697,2,Newsstand,4f04ad622fb6e1c99f3db0b9
818,697,2,Optical Shop,4d954afda243a5684865b473
819,697,2,Other Repair Shop,52f2ab2ebcbc57f1066b8b2f
820,697,2,Outdoor Supply Store,52f2ab2ebcbc57f1066b8b22
821,697,2,Outlet Mall,5744ccdfe4b0c0459246b4df
822,697,2,Outlet Store,52f2ab2ebcbc57f1066b8b35
823,697,2,Paper / Office Supplies Store,4bf58dd8d48988d121951735
824,697,2,Pawn Shop,52f2ab2ebcbc57f1066b8b34
825,697,2,Perfume Shop,52f2ab2ebcbc57f1066b8b23
826,697,2,Pet Service,5032897c91d4c4b30a586d69
827,697,2,Pet Store,4bf58dd8d48988d100951735
828,697,2,Pharmacy,4bf58dd8d48988d10f951735
829,697,2,Photography Lab,4eb1bdde3b7b55596b4a7490
830,697,2,Photography Studio,554a5e17498efabeda6cc559
831,697,2,Piercing Parlor,52f2ab2ebcbc57f1066b8b20
832,697,2,Pop-Up Shop,52f2ab2ebcbc57f1066b8b3d
833,697,2,Print Shop,52f2ab2ebcbc57f1066b8b28
834,697,2,Public Bathroom,5744ccdfe4b0c0459246b4c4
835,697,2,Real Estate Office,5032885091d4c4b30a586d66
836,697,2,Record Shop,4bf58dd8d48988d10d951735
837,697,2,Recording Studio,52f2ab2ebcbc57f1066b8b37
838,697,2,Recycling Facility,4f4531084b9074f6e4fb0101
839,697,2,Rental Service,56aa371be4b08b9a8d573552
840,697,2,Salon / Barbershop,4bf58dd8d48988d110951735
841,697,2,Sauna / Steam Room,58daa1558bbb0b01f18ec1ae
842,697,2,Shipping Store,52f2ab2ebcbc57f1066b8b1f
843,697,2,Shoe Repair,52f2ab2ebcbc57f1066b8b39
844,697,2,Shopping Mall,4bf58dd8d48988d1fd941735
845,697,2,Shopping Plaza,5744ccdfe4b0c0459246b4dc
846,697,2,Ski Shop,56aa371be4b08b9a8d573566
847,697,2,Smoke Shop,4bf58dd8d48988d123951735
848,697,2,Smoothie Shop,52f2ab2ebcbc57f1066b8b41
849,697,2,Souvenir Shop,52f2ab2ebcbc57f1066b8b1b
850,697,2,Spa,4bf58dd8d48988d1ed941735
851,697,2,Sporting Goods Shop,4bf58dd8d48988d1f2941735
852,697,2,Stationery Store,52f2ab2ebcbc57f1066b8b21
853,697,2,Storage Facility,4f04b1572fb6e1c99f3db0bf
854,697,2,Supplement Shop,5744ccdfe4b0c0459246b4cd
855,697,2,Tailor Shop,5032781d91d4c4b30a586d5b
856,697,2,Tanning Salon,4d1cf8421a97d635ce361c31
857,697,2,Tattoo Parlor,4bf58dd8d48988d1de931735
858,697,2,Thrift / Vintage Store,4bf58dd8d48988d101951735
859,697,2,Toy / Game Store,4bf58dd8d48988d1f3941735
860,697,2,Travel Agency,4f04b08c2fb6e1c99f3db0bd
861,697,2,Used Bookstore,52f2ab2ebcbc57f1066b8b30
862,697,2,Vape Store,56aa371be4b08b9a8d57355c
863,697,2,Video Game Store,4bf58dd8d48988d10b951735
864,697,2,Video Store,4bf58dd8d48988d126951735
865,697,2,Warehouse Store,52e816a6bcbc57f1066b7a54
866,697,2,Watch Shop,52f2ab2ebcbc57f1066b8b2e
22,21,3,Drive-in Theater,56aa371be4b08b9a8d5734de
23,21,3,Indie Movie Theater,4bf58dd8d48988d17e941735
24,21,3,Multiplex,4bf58dd8d48988d180941735
26,25,3,Art Museum,4bf58dd8d48988d18f941735
27,25,3,Erotic Museum,559acbe0498e472f1a53fa23
28,25,3,History Museum,4bf58dd8d48988d190941735
29,25,3,Planetarium,4bf58dd8d48988d192941735
30,25,3,Science Museum,4bf58dd8d48988d191941735
32,31,3,Jazz Club,4bf58dd8d48988d1e7931735
33,31,3,Piano Bar,4bf58dd8d48988d1e8931735
34,31,3,Rock Club,4bf58dd8d48988d1e9931735
37,36,3,Dance Studio,4bf58dd8d48988d134941735
38,36,3,Indie Theater,4bf58dd8d48988d135941735
39,36,3,Opera House,4bf58dd8d48988d136941735
40,36,3,Theater,4bf58dd8d48988d137941735
43,42,3,Outdoor Sculpture,52e81612bcbc57f1066b79ed
44,42,3,Street Art,52e81612bcbc57f1066b79ee
51,50,3,Baseball Stadium,4bf58dd8d48988d18c941735
52,50,3,Basketball Stadium,4bf58dd8d48988d18b941735
53,50,3,Cricket Ground,4bf58dd8d48988d18a941735
54,50,3,Football Stadium,4bf58dd8d48988d189941735
55,50,3,Hockey Arena,4bf58dd8d48988d185941735
56,50,3,Rugby Stadium,56aa371be4b08b9a8d573556
57,50,3,Soccer Stadium,4bf58dd8d48988d188941735
58,50,3,Tennis Stadium,4e39a891bd410d7aed40cbc2
59,50,3,Track Stadium,4bf58dd8d48988d187941735
61,60,3,Theme Park Ride / Attraction,5109983191d435c0d71c2bb1
65,64,3,Zoo Exhibit,58daa1558bbb0b01f18ec1fd
68,67,3,College Arts Building,4bf58dd8d48988d199941735
69,67,3,College Communications Building,4bf58dd8d48988d19a941735
70,67,3,College Engineering Building,4bf58dd8d48988d19e941735
71,67,3,College History Building,4bf58dd8d48988d19d941735
72,67,3,College Math Building,4bf58dd8d48988d19c941735
73,67,3,College Science Building,4bf58dd8d48988d19b941735
74,67,3,College Technology Building,4bf58dd8d48988d19f941735
87,86,3,College Baseball Diamond,4bf58dd8d48988d1bb941735
88,86,3,College Basketball Court,4bf58dd8d48988d1ba941735
89,86,3,College Cricket Pitch,4bf58dd8d48988d1b9941735
90,86,3,College Football Field,4bf58dd8d48988d1b8941735
91,86,3,College Hockey Rink,4bf58dd8d48988d1b5941735
92,86,3,College Soccer Field,4bf58dd8d48988d1b7941735
93,86,3,College Tennis Court,4e39a9cebd410d7aed40cbc4
94,86,3,College Track,4bf58dd8d48988d1b6941735
119,118,3,Ethiopian Restaurant,4bf58dd8d48988d10a941735
121,120,3,New American Restaurant,4bf58dd8d48988d157941735
124,123,3,Cambodian Restaurant,52e81612bcbc57f1066b7a03
125,123,3,Chinese Restaurant,4bf58dd8d48988d145941735
159,123,3,Filipino Restaurant,4eb1bd1c3b7b55596b4a748f
160,123,3,Himalayan Restaurant,52e81612bcbc57f1066b79fb
162,123,3,Indonesian Restaurant,4deefc054765f83613cdba6f
171,123,3,Japanese Restaurant,4bf58dd8d48988d111941735
192,123,3,Korean Restaurant,4bf58dd8d48988d113941735
198,123,3,Malay Restaurant,4bf58dd8d48988d156941735
199,123,3,Mongolian Restaurant,4eb1d5724b900d56c88a45fe
200,123,3,Noodle House,4bf58dd8d48988d1d1941735
201,123,3,Satay Restaurant,56aa371be4b08b9a8d57350e
202,123,3,Thai Restaurant,4bf58dd8d48988d149941735
204,123,3,Tibetan Restaurant,52af39fb3cf9994f4e043be9
205,123,3,Vietnamese Restaurant,4bf58dd8d48988d14a941735
221,220,3,Cuban Restaurant,4bf58dd8d48988d154941735
229,228,3,Cupcake Shop,4bf58dd8d48988d1bc941735
230,228,3,Frozen Yogurt Shop,512e7cae91d4cbb4e5efe0af
231,228,3,Ice Cream Shop,4bf58dd8d48988d1c9941735
232,228,3,Pastry Shop,5744ccdfe4b0c0459246b4e2
233,228,3,Pie Shop,52e81612bcbc57f1066b7a0a
240,238,3,Bosnian Restaurant,58daa1558bbb0b01f18ec1ee
241,238,3,Bulgarian Restaurant,56aa371be4b08b9a8d5734f3
242,238,3,Romanian Restaurant,52960bac3cf9994f4e043ac4
296,285,3,Souvlaki Shop,52e81612bcbc57f1066b79f3
307,303,3,Chaat Place,54135bf5e4b08f3d2429dfe2
314,303,3,Indian Chinese Restaurant,54135bf5e4b08f3d2429dfdf
323,303,3,North Indian Restaurant,54135bf5e4b08f3d2429dfdd
328,303,3,South Indian Restaurant,54135bf5e4b08f3d2429dfde
359,358,3,Kosher Restaurant,52e81612bcbc57f1066b79fc
363,362,3,Arepa Restaurant,4bf58dd8d48988d152941735
364,362,3,Empanada Restaurant,52939a8c3cf9994f4e043a35
365,362,3,Salvadoran Restaurant,5745c7ac498e5d0483112fdb
366,362,3,South American Restaurant,4bf58dd8d48988d1cd941735
367,362,3,Argentinian Restaurant,4bf58dd8d48988d107941735
368,362,3,Brazilian Restaurant,4bf58dd8d48988d16b941735
382,362,3,Colombian Restaurant,58daa1558bbb0b01f18ec1f4
383,362,3,Peruvian Restaurant,4eb1bfa43b7b52c0e1adc2e8
384,362,3,Venezuelan Restaurant,56aa371be4b08b9a8d573558
387,386,3,Moroccan Restaurant,4bf58dd8d48988d1c3941735
390,388,3,Burrito Place,4bf58dd8d48988d153941735
391,388,3,Taco Place,4bf58dd8d48988d151941735
395,394,3,Israeli Restaurant,56aa371be4b08b9a8d573529
396,394,3,Kurdish Restaurant,5744ccdfe4b0c0459246b4ca
397,394,3,Lebanese Restaurant,58daa1558bbb0b01f18ec1cd
398,394,3,Persian Restaurant,52e81612bcbc57f1066b79f7
425,424,3,Spanish Restaurant,4bf58dd8d48988d150941735
459,458,3,Beach Bar,52e81612bcbc57f1066b7a0d
460,458,3,Beer Bar,56aa371ce4b08b9a8d57356c
461,458,3,Beer Garden,4bf58dd8d48988d117941735
463,458,3,Cocktail Bar,4bf58dd8d48988d11e941735
464,458,3,Dive Bar,4bf58dd8d48988d118941735
465,458,3,Gay Bar,4bf58dd8d48988d1d8941735
466,458,3,Hookah Bar,4bf58dd8d48988d119941735
467,458,3,Hotel Bar,4bf58dd8d48988d1d5941735
468,458,3,Karaoke Bar,4bf58dd8d48988d120941735
469,458,3,Pub,4bf58dd8d48988d11b941735
470,458,3,Sake Bar,4bf58dd8d48988d11c941735
471,458,3,Speakeasy,4bf58dd8d48988d1d4941735
472,458,3,Sports Bar,4bf58dd8d48988d11d941735
473,458,3,Tiki Bar,56aa371be4b08b9a8d57354d
474,458,3,Whisky Bar,4bf58dd8d48988d122941735
475,458,3,Wine Bar,4bf58dd8d48988d123941735
596,595,3,Meeting Room,4bf58dd8d48988d100941735
606,605,3,Capitol Building,4bf58dd8d48988d12a941735
607,605,3,City Hall,4bf58dd8d48988d129941735
608,605,3,Courthouse,4bf58dd8d48988d12b941735
609,605,3,Embassy / Consulate,4bf58dd8d48988d12c951735
610,605,3,Fire Station,4bf58dd8d48988d12c941735
611,605,3,Monument / Landmark,4bf58dd8d48988d12d941735
612,605,3,Police Station,4bf58dd8d48988d12e941735
613,605,3,Town Hall,52e81612bcbc57f1066b7a38
618,617,3,Acupuncturist,52e81612bcbc57f1066b7a3b
619,617,3,Alternative Healer,52e81612bcbc57f1066b7a3c
620,617,3,Chiropractor,52e81612bcbc57f1066b7a3a
621,617,3,Dentist's Office,4bf58dd8d48988d178941735
622,617,3,Doctor's Office,4bf58dd8d48988d177941735
623,617,3,Emergency Room,4bf58dd8d48988d194941735
624,617,3,Eye Doctor,522e32fae4b09b556e370f19
625,617,3,Hospital,4bf58dd8d48988d196941735
627,617,3,Maternity Clinic,56aa371be4b08b9a8d5734ff
628,617,3,Medical Lab,4f4531b14b9074f6e4fb0103
629,617,3,Mental Health Office,52e81612bcbc57f1066b7a39
630,617,3,Nutritionist,58daa1558bbb0b01f18ec1d0
631,617,3,Physical Therapist,5744ccdfe4b0c0459246b4af
632,617,3,Rehab Center,56aa371be4b08b9a8d57351d
633,617,3,Urgent Care Center,56aa371be4b08b9a8d573526
634,617,3,Veterinarian,4d954af4a243a5684765b473
639,638,3,Advertising Agency,52e81612bcbc57f1066b7a3d
640,638,3,Campaign Office,5032764e91d4c4b30a586d5a
641,638,3,Conference Room,4bf58dd8d48988d127941735
642,638,3,Corporate Amenity,5665ef1d498ec706735f0e59
643,638,3,Corporate Cafeteria,54f4ba06498e2cf5561da814
644,638,3,Corporate Coffee Shop,5665c7b9498e7d8a4f2c0f06
645,638,3,Coworking Space,4bf58dd8d48988d174941735
646,638,3,Tech Startup,4bf58dd8d48988d125941735
724,723,3,Daycare,4f4532974b9074f6e4fb0104
726,725,3,Clothing Store,4bf58dd8d48988d103951735
727,725,3,Accessories Store,4bf58dd8d48988d102951735
728,725,3,Boutique,4bf58dd8d48988d104951735
729,725,3,Kids Store,4bf58dd8d48988d105951735
730,725,3,Lingerie Store,4bf58dd8d48988d109951735
731,725,3,Men's Store,4bf58dd8d48988d106951735
732,725,3,Shoe Store,4bf58dd8d48988d107951735
733,725,3,Women's Store,4bf58dd8d48988d108951735
760,759,3,Beer Store,5370f356bcbc57f1066c94c2
761,759,3,Butcher,4bf58dd8d48988d11d951735
762,759,3,Cheese Shop,4bf58dd8d48988d11e951735
763,759,3,Dairy Store,58daa1558bbb0b01f18ec1ca
764,759,3,Farmers Market,4bf58dd8d48988d1fa941735
765,759,3,Fish Market,4bf58dd8d48988d10e951735
766,759,3,Food Service,56aa371be4b08b9a8d573550
767,759,3,Gourmet Shop,4bf58dd8d48988d1f5941735
768,759,3,Grocery Store,4bf58dd8d48988d118951735
769,759,3,Health Food Store,50aa9e744b90af0d42d5de0e
771,759,3,Liquor Store,4bf58dd8d48988d186941735
772,759,3,Organic Grocery,52f2ab2ebcbc57f1066b8b45
773,759,3,Sausage Shop,56aa371be4b08b9a8d573564
774,759,3,Street Food Gathering,53e0feef498e5aac066fd8a9
775,759,3,Supermarket,52f2ab2ebcbc57f1066b8b46
777,759,3,Wine Shop,4bf58dd8d48988d119951735
781,780,3,Lighting Store,55888a5a498e782e3303b43a
128,125,4,Cantonese Restaurant,52af3a7c3cf9994f4e043bed
129,125,4,Cha Chaan Teng,58daa1558bbb0b01f18ec1d3
132,125,4,Dim Sum Restaurant,4bf58dd8d48988d1f5931735
153,125,4,Szechuan Restaurant,52af3b773cf9994f4e043c03
173,171,4,Japanese Curry Restaurant,55a59bace4b013909087cb30
179,171,4,Ramen Restaurant,55a59bace4b013909087cb24
180,171,4,Shabu-Shabu Restaurant,55a59bace4b013909087cb15
181,171,4,Soba Restaurant,55a59bace4b013909087cb27
183,171,4,Sushi Restaurant,4bf58dd8d48988d1d2941735
187,171,4,Udon Restaurant,55a59bace4b013909087cb2a
426,425,4,Paella Restaurant,4bf58dd8d48988d14d941735
427,425,4,Tapas Restaurant,4bf58dd8d48988d1db931735
